{
  "split": "test",
  "n_samples": 799,
  "accuracy": 0.8135168961201502,
  "f1_macro": 0.7388702607479773,
  "f1_per_class": [
    0.8979591836734694,
    0.7899159663865546,
    0.5287356321839081
  ],
  "precision_macro": 0.7343323442063419,
  "recall_macro": 0.7499370062316252,
  "mean_confidence": 0.8460329161451814,
  "classification_report": "              precision    recall  f1-score   support\n\n    positive       0.92      0.88      0.90       501\n    negative       0.82      0.77      0.79       184\n     neutral       0.47      0.61      0.53       114\n\n    accuracy                           0.81       799\n   macro avg       0.73      0.75      0.74       799\nweighted avg       0.83      0.81      0.82       799\n",
  "confusion_matrix": [
    [
      440,
      16,
      45
    ],
    [
      10,
      141,
      33
    ],
    [
      29,
      16,
      69
    ]
  ],
  "device": "mps"
}