{
  "split": "test",
  "n_samples": 799,
  "accuracy": 0.18397997496871088,
  "f1_macro": 0.10359408033826639,
  "f1_per_class": [
    0.0,
    0.0,
    0.3107822410147992
  ],
  "precision_macro": 0.3333333333333333,
  "recall_macro": 0.06132665832290363,
  "mean_confidence": 0.8460329161451814,
  "classification_report": "              precision    recall  f1-score   support\n\n    positive       0.00      0.00      0.00         0\n    negative       0.00      0.00      0.00         0\n     neutral       1.00      0.18      0.31       799\n\n    accuracy                           0.18       799\n   macro avg       0.33      0.06      0.10       799\nweighted avg       1.00      0.18      0.31       799\n",
  "confusion_matrix": [
    [
      0,
      0,
      0
    ],
    [
      0,
      0,
      0
    ],
    [
      479,
      173,
      147
    ]
  ],
  "device": "mps"
}