{
  "semeval2014": {
    "train": {
      "total": 3713,
      "counts": {
        "positive": 2179,
        "negative": 839,
        "neutral": 500,
        "conflict": 195
      },
      "imbalance_ratio": 11.1744,
      "majority_class_pct": 58.69,
      "status": "❌  Severely imbalanced",
      "majority_baseline_classification_report": {
        "conflict": {
          "precision": 0.0,
          "recall": 0.0,
          "f1-score": 0.0,
          "support": 195.0
        },
        "negative": {
          "precision": 0.0,
          "recall": 0.0,
          "f1-score": 0.0,
          "support": 839.0
        },
        "neutral": {
          "precision": 0.0,
          "recall": 0.0,
          "f1-score": 0.0,
          "support": 500.0
        },
        "positive": {
          "precision": 0.5868569889577161,
          "recall": 1.0,
          "f1-score": 0.7396469789545146,
          "support": 2179.0
        },
        "accuracy": 0.5868569889577161,
        "macro avg": {
          "precision": 0.14671424723942902,
          "recall": 0.25,
          "f1-score": 0.18491174473862865,
          "support": 3713.0
        },
        "weighted avg": {
          "precision": 0.3444011254885169,
          "recall": 0.5868569889577161,
          "f1-score": 0.43406699896091766,
          "support": 3713.0
        }
      }
    },
    "test": {
      "total": 1025,
      "counts": {
        "positive": 657,
        "negative": 222,
        "neutral": 94,
        "conflict": 52
      },
      "imbalance_ratio": 12.6346,
      "majority_class_pct": 64.1,
      "status": "❌  Severely imbalanced",
      "majority_baseline_classification_report": {
        "conflict": {
          "precision": 0.0,
          "recall": 0.0,
          "f1-score": 0.0,
          "support": 52.0
        },
        "negative": {
          "precision": 0.0,
          "recall": 0.0,
          "f1-score": 0.0,
          "support": 222.0
        },
        "neutral": {
          "precision": 0.0,
          "recall": 0.0,
          "f1-score": 0.0,
          "support": 94.0
        },
        "positive": {
          "precision": 0.6409756097560976,
          "recall": 1.0,
          "f1-score": 0.7812128418549346,
          "support": 657.0
        },
        "accuracy": 0.6409756097560976,
        "macro avg": {
          "precision": 0.1602439024390244,
          "recall": 0.25,
          "f1-score": 0.19530321046373364,
          "support": 1025.0
        },
        "weighted avg": {
          "precision": 0.41084973230220106,
          "recall": 0.6409756097560976,
          "f1-score": 0.5007383776572605,
          "support": 1025.0
        }
      }
    },
    "all": {
      "total": 4738,
      "counts": {
        "positive": 2836,
        "negative": 1061,
        "neutral": 594,
        "conflict": 247
      },
      "imbalance_ratio": 11.4818,
      "majority_class_pct": 59.86,
      "status": "❌  Severely imbalanced",
      "majority_baseline_classification_report": {
        "conflict": {
          "precision": 0.0,
          "recall": 0.0,
          "f1-score": 0.0,
          "support": 247.0
        },
        "negative": {
          "precision": 0.0,
          "recall": 0.0,
          "f1-score": 0.0,
          "support": 1061.0
        },
        "neutral": {
          "precision": 0.0,
          "recall": 0.0,
          "f1-score": 0.0,
          "support": 594.0
        },
        "positive": {
          "precision": 0.5985647952722668,
          "recall": 1.0,
          "f1-score": 0.7488777396355955,
          "support": 2836.0
        },
        "accuracy": 0.5985647952722668,
        "macro avg": {
          "precision": 0.1496411988180667,
          "recall": 0.25,
          "f1-score": 0.18721943490889886,
          "support": 4738.0
        },
        "weighted avg": {
          "precision": 0.35827981413933063,
          "recall": 0.5985647952722668,
          "f1-score": 0.44825185090893804,
          "support": 4738.0
        }
      }
    }
  },
  "sarcasm_tweet_eval": {
    "train": {
      "total": 2862,
      "counts": {
        "sarcastic": 1445,
        "not_sarcastic": 1417
      },
      "imbalance_ratio": 1.0198,
      "majority_class_pct": 50.49,
      "status": "✅  Balanced",
      "majority_baseline_classification_report": {
        "not_sarcastic": {
          "precision": 0.0,
          "recall": 0.0,
          "f1-score": 0.0,
          "support": 1417.0
        },
        "sarcastic": {
          "precision": 0.5048916841369672,
          "recall": 1.0,
          "f1-score": 0.6710006965405154,
          "support": 1445.0
        },
        "accuracy": 0.5048916841369672,
        "macro avg": {
          "precision": 0.2524458420684836,
          "recall": 0.5,
          "f1-score": 0.3355003482702577,
          "support": 2862.0
        },
        "weighted avg": {
          "precision": 0.254915612710663,
          "recall": 0.5048916841369672,
          "f1-score": 0.33878267173341886,
          "support": 2862.0
        }
      }
    },
    "test": {
      "total": 784,
      "counts": {
        "not_sarcastic": 473,
        "sarcastic": 311
      },
      "imbalance_ratio": 1.5209,
      "majority_class_pct": 60.33,
      "status": "⚠️  Mildly imbalanced",
      "majority_baseline_classification_report": {
        "not_sarcastic": {
          "precision": 0.6033163265306123,
          "recall": 1.0,
          "f1-score": 0.7525855210819411,
          "support": 473.0
        },
        "sarcastic": {
          "precision": 0.0,
          "recall": 0.0,
          "f1-score": 0.0,
          "support": 311.0
        },
        "accuracy": 0.6033163265306123,
        "macro avg": {
          "precision": 0.30165816326530615,
          "recall": 0.5,
          "f1-score": 0.37629276054097055,
          "support": 784.0
        },
        "weighted avg": {
          "precision": 0.3639905898583924,
          "recall": 0.6033163265306123,
          "f1-score": 0.45404713197928337,
          "support": 784.0
        }
      }
    },
    "validation": {
      "total": 955,
      "counts": {
        "not_sarcastic": 499,
        "sarcastic": 456
      },
      "imbalance_ratio": 1.0943,
      "majority_class_pct": 52.25,
      "status": "✅  Balanced",
      "majority_baseline_classification_report": {
        "not_sarcastic": {
          "precision": 0.5225130890052356,
          "recall": 1.0,
          "f1-score": 0.686382393397524,
          "support": 499.0
        },
        "sarcastic": {
          "precision": 0.0,
          "recall": 0.0,
          "f1-score": 0.0,
          "support": 456.0
        },
        "accuracy": 0.5225130890052356,
        "macro avg": {
          "precision": 0.2612565445026178,
          "recall": 0.5,
          "f1-score": 0.343191196698762,
          "support": 955.0
        },
        "weighted avg": {
          "precision": 0.27301992818179327,
          "recall": 0.5225130890052356,
          "f1-score": 0.3586437846129471,
          "support": 955.0
        }
      }
    },
    "all": {
      "total": 4601,
      "counts": {
        "not_sarcastic": 2389,
        "sarcastic": 2212
      },
      "imbalance_ratio": 1.08,
      "majority_class_pct": 51.92,
      "status": "✅  Balanced",
      "majority_baseline_classification_report": {
        "not_sarcastic": {
          "precision": 0.5192349489241469,
          "recall": 1.0,
          "f1-score": 0.6835479256080115,
          "support": 2389.0
        },
        "sarcastic": {
          "precision": 0.0,
          "recall": 0.0,
          "f1-score": 0.0,
          "support": 2212.0
        },
        "accuracy": 0.5192349489241469,
        "macro avg": {
          "precision": 0.25961747446207345,
          "recall": 0.5,
          "f1-score": 0.34177396280400574,
          "support": 4601.0
        },
        "weighted avg": {
          "precision": 0.26960493218426146,
          "recall": 0.5192349489241469,