{
  "overall_f1": 0.7925559947299078,
  "per_lang_f1": {
    "en": 0.7891737891737892,
    "vi": 0.7334538878842677
  },
  "per_lang_gap": 0.055719901289521534,
  "sample_counts": {
    "vi": 77,
    "en": 23
  },
  "confusion_matrices": {
    "en": [
      [
        7,
        1,
        0
      ],
      [
        3,
        5,
        0
      ],
      [
        0,
        1,
        6
      ]
    ],
    "vi": [
      [
        32,
        0,
        2
      ],
      [
        0,
        1,
        2
      ],
      [
        4,
        1,
        35
      ]
    ]
  }
}