{
    "pytorch": {
        "avg_latency_seconds": 0.5538996458000838,
        "throughput_samples_per_sec": 1805.381186975745
    },
    "onnx_fp32": {
        "avg_latency_seconds": 6.505193821199919,
        "throughput_samples_per_sec": 153.72332131612714
    },
    "onnx_int8": {
        "avg_latency_seconds": 3.121577124200121,
        "throughput_samples_per_sec": 320.350886815344
    }
}