{
    "pytorch": {
        "avg_latency_seconds": 0.5554435584001112,
        "throughput_samples_per_sec": 1800.362943951282
    },
    "onnx_fp32": {
        "avg_latency_seconds": 6.417260685800102,
        "throughput_samples_per_sec": 155.82972999877757
    },
    "onnx_int8": {
        "avg_latency_seconds": 3.1114686152001014,
        "throughput_samples_per_sec": 321.39163966328135
    }
}