{
  "per_lang_f1": {
    "en": 0.7891737891737892,
    "vi": 0.7334538878842677
  }
}